"composer","composerLabel"
"http://data.carnegiehall.org/names/1006060","J. F. Cardoso"
"http://data.carnegiehall.org/names/1006061","Paulinho Nogueira"
"http://data.carnegiehall.org/names/1006062","Goffredo Petrassi"
"http://data.carnegiehall.org/names/1006063","Joon-Il Kang"
"http://data.carnegiehall.org/names/1006049","Lawrence Morton"
"http://data.carnegiehall.org/names/1006050","Ángel Rubio"
"http://data.carnegiehall.org/names/1006052","Emiel Hullebroeck"
"http://data.carnegiehall.org/names/1006053","Roger Jahnke"
"http://data.carnegiehall.org/names/1006054","Catharina van Rennes"
"http://data.carnegiehall.org/names/1006055","[first name unknown] Fisk"
"http://data.carnegiehall.org/names/1006042","John Sichel"
"http://data.carnegiehall.org/names/1006043","[first name unknown] Herreshoff"
"http://data.carnegiehall.org/names/1006044","Carl Michael Ziehrer"
"http://data.carnegiehall.org/names/1006045","Hugo Distler"
"http://data.carnegiehall.org/names/1006046","Anton y Michelena"
"http://data.carnegiehall.org/names/1006047","Bunita Marcus"
"http://data.carnegiehall.org/names/1006036","Charlie Davis"
"http://data.carnegiehall.org/names/1006037","László Lajtha"
"http://data.carnegiehall.org/names/1006038","Loyda Camacho"
"http://data.carnegiehall.org/names/1006039","Romualds Kalsons"
"http://data.carnegiehall.org/names/1006040","Arturo Márquez"
"http://data.carnegiehall.org/names/1006041","Issachar Meron"
"http://data.carnegiehall.org/names/1006026","Hans Krása"
"http://data.carnegiehall.org/names/1006028","Rudolf Escher"
"http://data.carnegiehall.org/names/1006029","Luis Cluzeau-Mortet"
"http://data.carnegiehall.org/names/1006030","Robert Brydges Addison"
"http://data.carnegiehall.org/names/1006033","Henry VIII, King of England"
"http://data.carnegiehall.org/names/1006034","Robert Fuchs"
"http://data.carnegiehall.org/names/1006018","Stanley M. Hoffman"
"http://data.carnegiehall.org/names/1006019","Otto Floersheim"
"http://data.carnegiehall.org/names/1006020","Alfonso E. Tenreiro"
"http://data.carnegiehall.org/names/1006021","Axel Jørgensen"
"http://data.carnegiehall.org/names/1006022","G. Reyne"
"http://data.carnegiehall.org/names/1006023","Vasily Ivanovich Agapkin"
"http://data.carnegiehall.org/names/1006008","Edward Morris"
"http://data.carnegiehall.org/names/1006009","Sydney Thomson"
"http://data.carnegiehall.org/names/1006010","Thomas Janson"
"http://data.carnegiehall.org/names/1006012","William Zucker"
"http://data.carnegiehall.org/names/1006016","Haroldo Lobo"
"http://data.carnegiehall.org/names/1006017","Joan B. Lambert"
"http://data.carnegiehall.org/names/1006002","Emanuel Adriaensen"
"http://data.carnegiehall.org/names/1006003","Primous Fountain"
"http://data.carnegiehall.org/names/1006004","Garrett Colyn"
"http://data.carnegiehall.org/names/1006005","Louis-Toussaint Milandre"
"http://data.carnegiehall.org/names/1006006","Antonio Nicolau"
"http://data.carnegiehall.org/names/1006007","[first name unknown] Mundy"
"http://data.carnegiehall.org/names/1005993","Abraham Moshe Bernstein"
"http://data.carnegiehall.org/names/1005997","Gabriel Ruiz"
"http://data.carnegiehall.org/names/1005998","Nickitas Demos"
"http://data.carnegiehall.org/names/1005999","Joyce Shatz Pease"
"http://data.carnegiehall.org/names/1006000","Al Sherman"
"http://data.carnegiehall.org/names/1006001","Hermann Assmann"
"http://data.carnegiehall.org/names/1005987","Augusta E. Stetson"
"http://data.carnegiehall.org/names/1005988","Alban Foerster"
"http://data.carnegiehall.org/names/1005989","Willis Charkovsky"
"http://data.carnegiehall.org/names/1005990","Johann Mattheson"
"http://data.carnegiehall.org/names/1005991","Paul von Klenau"
"http://data.carnegiehall.org/names/1005992","Ingram Fox"
"http://data.carnegiehall.org/names/1005980","Yoon-Il Auh"
"http://data.carnegiehall.org/names/1005981","Yuri Levitin"
"http://data.carnegiehall.org/names/1005982","Oscar J. Fox"
"http://data.carnegiehall.org/names/1005983","William Henry Hadow"
"http://data.carnegiehall.org/names/1005984","Ludvig Schytte"
"http://data.carnegiehall.org/names/1005986","H. Wakefield Smith"
"http://data.carnegiehall.org/names/1005973","Isidore De Lara"
"http://data.carnegiehall.org/names/1005974","Abe Holzmann"
"http://data.carnegiehall.org/names/1005976","Sparre Olsen"
"http://data.carnegiehall.org/names/1005977","Jeffrey Sharkey"
"http://data.carnegiehall.org/names/1005978","Mieczyslaw Karlowicz"
"http://data.carnegiehall.org/names/1005979","Carl Anton Wirth"
"http://data.carnegiehall.org/names/1005967","Bruce Broughton"
"http://data.carnegiehall.org/names/1005968","Camil Van Hulse"
"http://data.carnegiehall.org/names/1005969","Francisco Fuster"
"http://data.carnegiehall.org/names/1005970","Peter Schat"
"http://data.carnegiehall.org/names/1005971","Zu-Long Lu"
"http://data.carnegiehall.org/names/1005972","[first name unknown] Fischer"
"http://data.carnegiehall.org/names/1005958","Come Raggio Di Sol"
"http://data.carnegiehall.org/names/1005959","Hugo Kaun"
"http://data.carnegiehall.org/names/1005960","Anna Nikolayevna Esipova"
"http://data.carnegiehall.org/names/1005961","Antonio Estévez"
"http://data.carnegiehall.org/names/1005962","Hermann Loehr"
"http://data.carnegiehall.org/names/1005966","Danny Elfman"
"http://data.carnegiehall.org/names/1005948","Loris Margaritis"
"http://data.carnegiehall.org/names/1005949","Oleksandr Ivanovych Bilash"
"http://data.carnegiehall.org/names/1005952","Maurice Wright"
"http://data.carnegiehall.org/names/1005953","Luis Rivera"
"http://data.carnegiehall.org/names/1005954","Alexander Savine"
"http://data.carnegiehall.org/names/1005955","Annabel Buchanan"
"http://data.carnegiehall.org/names/1005938","[first name unknown] Bohm"
"http://data.carnegiehall.org/names/1005940","Salvador Ruiz de Luna"
"http://data.carnegiehall.org/names/1005941","Masahiro Yamauchi"
"http://data.carnegiehall.org/names/1005942","Robert Kelley"
"http://data.carnegiehall.org/names/1005944","Jon Appleton"
"http://data.carnegiehall.org/names/1005928","Henry Jacobsen"
"http://data.carnegiehall.org/names/1005929","Dimitar Nenov"
"http://data.carnegiehall.org/names/1005931","Anton Emil Titl"
"http://data.carnegiehall.org/names/1005935","Philip Wharton"
"http://data.carnegiehall.org/names/1005936","Ron Harris"
"http://data.carnegiehall.org/names/1005937","Minxiu Han"
"http://data.carnegiehall.org/names/1005920","Edmund Kretschmer"
"http://data.carnegiehall.org/names/1005923","Pierre Max Dubois"
"http://data.carnegiehall.org/names/1005924","Maria Malibran"
"http://data.carnegiehall.org/names/1005925","Margaret Garwood"
"http://data.carnegiehall.org/names/1005926","Gaspare Spontini"
"http://data.carnegiehall.org/names/1005927","Giampaolo Bracali"
"http://data.carnegiehall.org/names/1005912","Hans Sitt"
"http://data.carnegiehall.org/names/1005913","Ugalberto de Angelis"
"http://data.carnegiehall.org/names/1005915","Georg Liebling"
"http://data.carnegiehall.org/names/1005917","Michael Braz"
"http://data.carnegiehall.org/names/1005918","Rodolphe Kreutzer"
"http://data.carnegiehall.org/names/1005919","Walter Niemann"
"http://data.carnegiehall.org/names/1005902","Franz Anton Hoffmeister"
"http://data.carnegiehall.org/names/1005904","Giulio Caccini"
"http://data.carnegiehall.org/names/1005906","Charles L. Steeger"
"http://data.carnegiehall.org/names/1005907","Frank Stewart"
"http://data.carnegiehall.org/names/1005909","C. Wehle"
"http://data.carnegiehall.org/names/1005911","Charlotte Milligan Fox"
"http://data.carnegiehall.org/names/1005896","Miguel Llobet Soles"
"http://data.carnegiehall.org/names/1005897","C. T. Brunner"
"http://data.carnegiehall.org/names/1005898","James Earle Hines"
"http://data.carnegiehall.org/names/1005899","Alberto Mastra"
"http://data.carnegiehall.org/names/1005900","Gerald Eckert"
"http://data.carnegiehall.org/names/1005901","Oswald von Wolkenstein"
"http://data.carnegiehall.org/names/1005890","Entstanden Mannheim"
"http://data.carnegiehall.org/names/1005891","Giovanni Bolzoni"
"http://data.carnegiehall.org/names/1005892","[first name unknown] Woolsey"
"http://data.carnegiehall.org/names/1005893","[first name unknown] Bartolomew"
"http://data.carnegiehall.org/names/1005894","Johnny Nieto"
"http://data.carnegiehall.org/names/1005895","Juanchin Ramirez"
"http://data.carnegiehall.org/names/1005883","Armas Maasola"
"http://data.carnegiehall.org/names/1005884","Pierre-Alexandre Monsigny"
"http://data.carnegiehall.org/names/1005885","Christoph Ernst Friedrich Weyse"
"http://data.carnegiehall.org/names/1005886","[first name unknown] Kellie"
"http://data.carnegiehall.org/names/1005887","Bobby Troup"
"http://data.carnegiehall.org/names/1005888","Warren Barker"
"http://data.carnegiehall.org/names/1005875","Agustin Barrios Mangore"
"http://data.carnegiehall.org/names/1005876","Giovanni Bassano"
"http://data.carnegiehall.org/names/1005878","Noyes Bartholomew"
"http://data.carnegiehall.org/names/1005879","Claude Delvincourt"
"http://data.carnegiehall.org/names/1005880","Alfred J. Caldicott"
"http://data.carnegiehall.org/names/1005881","Rafael Audinot"
"http://data.carnegiehall.org/names/1005866","Roger Nixon"
"http://data.carnegiehall.org/names/1005867","Jan Wanski"
"http://data.carnegiehall.org/names/1005869","Alfred Hill"
"http://data.carnegiehall.org/names/1005870","Juan de Lienas"
"http://data.carnegiehall.org/names/1005871","Fabian Rehfeld"
"http://data.carnegiehall.org/names/1005873","Flor Peeters"
"http://data.carnegiehall.org/names/1005856","Nikita Koshkin"
"http://data.carnegiehall.org/names/1005859","Carl Millegram"
"http://data.carnegiehall.org/names/1005860","Carl August Fischer"
"http://data.carnegiehall.org/names/1005862","Louis Lemaire"
"http://data.carnegiehall.org/names/1005863","René de Boisdeffre"
"http://data.carnegiehall.org/names/1005865","Johann Baptist Vanhal"
"http://data.carnegiehall.org/names/1005846","Yevstigney Ipat'yevich Fomin"
"http://data.carnegiehall.org/names/1005847","Santiago Lope"
"http://data.carnegiehall.org/names/1005849","Steven Heim"
"http://data.carnegiehall.org/names/1005850","Constantin Ionescu"
"http://data.carnegiehall.org/names/1005851","James Lovendusky"
"http://data.carnegiehall.org/names/1005853","[first name unknown] Giovannini"
"http://data.carnegiehall.org/names/1005838","B. Johnson"
"http://data.carnegiehall.org/names/1005839","[first name unknown] Hedenblad"
"http://data.carnegiehall.org/names/1005840","Agide Jacchia"
"http://data.carnegiehall.org/names/1005841","Gustav Hille"
"http://data.carnegiehall.org/names/1005842","Rodney Rogers"
"http://data.carnegiehall.org/names/1005845","Gavriil Yakimovich Lomakin"
"http://data.carnegiehall.org/names/1005829","Ching Lao Wang"
"http://data.carnegiehall.org/names/1005830","Thomas Brown"
"http://data.carnegiehall.org/names/1005833","Ludwig van Beethoven"
"http://data.carnegiehall.org/names/1005834","Fernando Mendez"
"http://data.carnegiehall.org/names/1005836","Carnell Murrell"
"http://data.carnegiehall.org/names/1005837","Aleksei Lebedev"
"http://data.carnegiehall.org/names/1005821","Ernesto Fuste"
"http://data.carnegiehall.org/names/1005822","Nicolas Roussakis"
"http://data.carnegiehall.org/names/1005825","John Downey"
"http://data.carnegiehall.org/names/1005826","S. Ignatius Covney"
"http://data.carnegiehall.org/names/1005827","Albert W. Ketèlbey"
"http://data.carnegiehall.org/names/1005828","Guillaume Dufay"
"http://data.carnegiehall.org/names/1005812","Tivadar Nachèz"
"http://data.carnegiehall.org/names/1005813","Orest Harasymchuk"
"http://data.carnegiehall.org/names/1005814","Seymour Shifrin"
"http://data.carnegiehall.org/names/1005816","Robert Volkmann"
"http://data.carnegiehall.org/names/1005818","Pablo Sorozábal"
"http://data.carnegiehall.org/names/1005805","George Jackson"
"http://data.carnegiehall.org/names/1005806","Juan Crisóstomo de Arriaga"
"http://data.carnegiehall.org/names/1005807","John Vincent"
"http://data.carnegiehall.org/names/1005809","Robert P. Manookin"
"http://data.carnegiehall.org/names/1005810","Graham Major"
"http://data.carnegiehall.org/names/1005811","Scott Everly"
"http://data.carnegiehall.org/names/1005798","Jean-François Dandrieu"
"http://data.carnegiehall.org/names/1005800","Alfred Mellon"
"http://data.carnegiehall.org/names/1005801","Bernardo Storace"
"http://data.carnegiehall.org/names/1005802","Fred E. Ahlert"
"http://data.carnegiehall.org/names/1005803","Billy Goldenberg"
"http://data.carnegiehall.org/names/1005804","Ross Popoff"
"http://data.carnegiehall.org/names/1005790","Anthony Young"
"http://data.carnegiehall.org/names/1005791","Gerald Humel"
"http://data.carnegiehall.org/names/1005793","Edmund Soule"
"http://data.carnegiehall.org/names/1005795","Paul Dupin"
"http://data.carnegiehall.org/names/1005796","William Brade"
"http://data.carnegiehall.org/names/1005797","Henry A. Russotto"
"http://data.carnegiehall.org/names/1005781","Johann Rupprecht Dürrner"
"http://data.carnegiehall.org/names/1005783","Luigi Gianella"
"http://data.carnegiehall.org/names/1005784","Ching Chu"
"http://data.carnegiehall.org/names/1005785","Charles Lovenberg"
"http://data.carnegiehall.org/names/1005788","Erik Gustaf Geijer"
"http://data.carnegiehall.org/names/1005789","Albert Elkus"
"http://data.carnegiehall.org/names/1005774","Giovanni Battista Bassani"
"http://data.carnegiehall.org/names/1005775","Francis Thomé"
"http://data.carnegiehall.org/names/1005776","Ferdinando Carulli"
"http://data.carnegiehall.org/names/1005777","John Mackey"
"http://data.carnegiehall.org/names/1005778","Thomas W. Shea"
"http://data.carnegiehall.org/names/1005779","Marsha Hunt"
"http://data.carnegiehall.org/names/1005768","Mykhailo Verbytsky"
"http://data.carnegiehall.org/names/1005769","Donald Weelock"
"http://data.carnegiehall.org/names/1005770","Marie Howe"
"http://data.carnegiehall.org/names/1005771","Yevhen Stankovych"
"http://data.carnegiehall.org/names/1005772","Jehan Vaillant"
"http://data.carnegiehall.org/names/1005773","Nino Nicolosi"
"http://data.carnegiehall.org/names/1005762","[first name unknown] Godsky"
"http://data.carnegiehall.org/names/1005763","Henry Ellsworth"
"http://data.carnegiehall.org/names/1005764","Arno Babadjanian"
"http://data.carnegiehall.org/names/1005765","Alexandru Pascanu"
"http://data.carnegiehall.org/names/1005766","Stefano Bracci"
"http://data.carnegiehall.org/names/1005767","Hermann Reutter"
"http://data.carnegiehall.org/names/1005755","Guillaume Landre"
"http://data.carnegiehall.org/names/1005756","Stephen Dembski"
"http://data.carnegiehall.org/names/1005757","William Corbett"
"http://data.carnegiehall.org/names/1005758","[first name unknown] Grahm"
"http://data.carnegiehall.org/names/1005760","Sandberg"
"http://data.carnegiehall.org/names/1005761","David Zamiri"
"http://data.carnegiehall.org/names/1005745","William Duckworth"
"http://data.carnegiehall.org/names/1005746","Johann Ernst Altenburg"
"http://data.carnegiehall.org/names/1005747","Johann Hentzschel"
"http://data.carnegiehall.org/names/1005749","Daniel Wood"
"http://data.carnegiehall.org/names/1005751","Giuseppe Giordani"
"http://data.carnegiehall.org/names/1005752","Manuel Saumell Robredo"
"http://data.carnegiehall.org/names/1005737","Michael Biondi"
"http://data.carnegiehall.org/names/1005738","Harry Seitz"
"http://data.carnegiehall.org/names/1005741","Edward Solomon"
"http://data.carnegiehall.org/names/1005742","Gerald Marks"
"http://data.carnegiehall.org/names/1005743","Tristan Murail"
"http://data.carnegiehall.org/names/1005744","Johann Georg Albrechtsberger"
"http://data.carnegiehall.org/names/1005728","Giovanni Pierluigi de Palestrina"
"http://data.carnegiehall.org/names/1005729","Franz Berwald"
"http://data.carnegiehall.org/names/1005730","Hughie Cannon"
"http://data.carnegiehall.org/names/1005731","Ray Liebau"
"http://data.carnegiehall.org/names/1005735","Johann Christoph Lauterbach"
"http://data.carnegiehall.org/names/1005736","Julián Orbón"
"http://data.carnegiehall.org/names/1005719","Bernard Ernest Neuwirth"
"http://data.carnegiehall.org/names/1005720","Richard Leveridge"
"http://data.carnegiehall.org/names/1005723","Flor Alpaerts"
"http://data.carnegiehall.org/names/1005724","[first name unknown] Sulcer"
"http://data.carnegiehall.org/names/1005726","Carl Alves"
"http://data.carnegiehall.org/names/1005712","John Samuel Norris"
"http://data.carnegiehall.org/names/1005714","Friedrich Roesch"
"http://data.carnegiehall.org/names/1005715","Hans Ernst Kroyer"
"http://data.carnegiehall.org/names/1005716","Theodor Bubeck"
"http://data.carnegiehall.org/names/1005717","Hans Zimmer"
"http://data.carnegiehall.org/names/1005718","Aleksander Zarzycki"
"http://data.carnegiehall.org/names/1005705","Eddie Phoon"
"http://data.carnegiehall.org/names/1005706","Irwin Swack"
"http://data.carnegiehall.org/names/1005707","Tadeusz Szeligowski"
"http://data.carnegiehall.org/names/1005708","Michael P. Ellison"
"http://data.carnegiehall.org/names/1005710","James Dashow"
"http://data.carnegiehall.org/names/1005711","Johann Stobaeus"
"http://data.carnegiehall.org/names/1005695","Antonio Lotti"
"http://data.carnegiehall.org/names/1005698","Richard Tsang"
"http://data.carnegiehall.org/names/1005699","Amos Elkana"
"http://data.carnegiehall.org/names/1005701","Jacques Bank"
"http://data.carnegiehall.org/names/1005702","Viktor Keldorfer"
"http://data.carnegiehall.org/names/1005704","Elaine Barkin"
"http://data.carnegiehall.org/names/1005685","F.A. Hern"
"http://data.carnegiehall.org/names/1005687","Sylvio Lazzari"
"http://data.carnegiehall.org/names/1005689","Arthur H. Bird"
"http://data.carnegiehall.org/names/1005691","Konstantin Listov"
"http://data.carnegiehall.org/names/1005692","Joshua Weisser"
"http://data.carnegiehall.org/names/1005693","Jean-Baptiste Accolay"
"http://data.carnegiehall.org/names/1005677","Peggy Glanville-Hicks"
"http://data.carnegiehall.org/names/1005678","Barry Gibb"
"http://data.carnegiehall.org/names/1005679","Isidor Vorobchievici"
"http://data.carnegiehall.org/names/1005680","Sandor Harmati"
"http://data.carnegiehall.org/names/1005683","Bert Lown"
"http://data.carnegiehall.org/names/1005684","Daniel Börtz"
"http://data.carnegiehall.org/names/1005669","Toshio Kashiwagi"
"http://data.carnegiehall.org/names/1005670","George Bassman"
"http://data.carnegiehall.org/names/1005671","Ernest R. Kroeger"
"http://data.carnegiehall.org/names/1005674","Kazimieras Viktoras Banaitis"
"http://data.carnegiehall.org/names/1005675","Ernest R. Ball"
"http://data.carnegiehall.org/names/1005676","Max Vogrich"
"http://data.carnegiehall.org/names/1005660","B. Cairo"
"http://data.carnegiehall.org/names/1005662","Waldemar Henrique"
"http://data.carnegiehall.org/names/1005663","Erwin Lendvai"
"http://data.carnegiehall.org/names/1005664","Oleg Felzer"
"http://data.carnegiehall.org/names/1005666","E. Netzer"
"http://data.carnegiehall.org/names/1005668","Ernest Longstaffe"
"http://data.carnegiehall.org/names/1005648","Robert Moran"
"http://data.carnegiehall.org/names/1005649","Henry E. Sachs"
"http://data.carnegiehall.org/names/1005652","[first name unknown] Oslet"
"http://data.carnegiehall.org/names/1005655","Joseph Marx"
"http://data.carnegiehall.org/names/1005656","Vitezslav Novák"
"http://data.carnegiehall.org/names/1005658","Joelle Wallach"
"http://data.carnegiehall.org/names/1005640","Stacey Miller"
"http://data.carnegiehall.org/names/1005641","Mark Nevin"
"http://data.carnegiehall.org/names/1005642","Byun Hoon"
"http://data.carnegiehall.org/names/1005643","Edison Denisov"
"http://data.carnegiehall.org/names/1005645","Hans Rott"
"http://data.carnegiehall.org/names/1005628","[first name unknown] Pirker"
"http://data.carnegiehall.org/names/1005630","Norman Luboff"
"http://data.carnegiehall.org/names/1005631","Eugène Walckiers"
"http://data.carnegiehall.org/names/1005632","James Legg"
"http://data.carnegiehall.org/names/1005634","Robert Wykes"
"http://data.carnegiehall.org/names/1005637","Andrea Gabrieli"
"http://data.carnegiehall.org/names/1005621","Samuel Liddle"
"http://data.carnegiehall.org/names/1005623","Max von Schillings"
"http://data.carnegiehall.org/names/1005624","Hugh Hughes"
"http://data.carnegiehall.org/names/1005625","Johann Christoph Pepusch"
"http://data.carnegiehall.org/names/1005626","Eddy Rogers"
"http://data.carnegiehall.org/names/1005627","Roman Haubenstock-Ramati"
"http://data.carnegiehall.org/names/1005615","Eugène Damaré"
"http://data.carnegiehall.org/names/1005616","Alexander Wheelock Thayer"
"http://data.carnegiehall.org/names/1005617","Heinrich Kaminski"
"http://data.carnegiehall.org/names/1005618","Norbert Moret"
"http://data.carnegiehall.org/names/1005619","Carl L. Sjoberg"
"http://data.carnegiehall.org/names/1005620","Soon-Ae Kim"
"http://data.carnegiehall.org/names/1005607","[first name unknown] Dobrovolski"
"http://data.carnegiehall.org/names/1005608","John Duffy"
"http://data.carnegiehall.org/names/1005611","John Cheetham"
"http://data.carnegiehall.org/names/1005612","Walter Spencer Huffman"
"http://data.carnegiehall.org/names/1005613","Harri Wessman"
"http://data.carnegiehall.org/names/1005614","Donald Dillard"
"http://data.carnegiehall.org/names/1005601","G. Paul Naeger"
"http://data.carnegiehall.org/names/1005603","Gus Arnheim"
"http://data.carnegiehall.org/names/1005604","Tully J. Cathey"
"http://data.carnegiehall.org/names/1005605","David Jaffe"
"http://data.carnegiehall.org/names/1005606","Hermann Weil"
"http://data.carnegiehall.org/names/1005591","Samuel L. M. Barlow"
"http://data.carnegiehall.org/names/1005595","Steve Cohen"
"http://data.carnegiehall.org/names/1005596","[first name unknown] Wehrman"
"http://data.carnegiehall.org/names/1005597","William Ahern"
"http://data.carnegiehall.org/names/1005598","Xavier Benguerel"
"http://data.carnegiehall.org/names/1005599","Vangelis"
"http://data.carnegiehall.org/names/1005584","Edward F. Johnston"
"http://data.carnegiehall.org/names/1005585","Michael Coghlan"
"http://data.carnegiehall.org/names/1005586","Loretta Ellenberger"
"http://data.carnegiehall.org/names/1005587","Johann Gustav Eduard Stehle"
"http://data.carnegiehall.org/names/1005588","Elliot Goldenthal"
"http://data.carnegiehall.org/names/1005589","N. Chatziapostolou"
"http://data.carnegiehall.org/names/1005575","Francesco Balilla Pratella"
"http://data.carnegiehall.org/names/1005577","Mário Lago"
"http://data.carnegiehall.org/names/1005578","Walter Braunfels"
"http://data.carnegiehall.org/names/1005579","William Mason"
"http://data.carnegiehall.org/names/1005580","Robert E. Jager"
"http://data.carnegiehall.org/names/1005583","William Ortiz"
"http://data.carnegiehall.org/names/1005566","Orazio Vecchi"
"http://data.carnegiehall.org/names/1005567","Cristóbal Halffter"
"http://data.carnegiehall.org/names/1005568","Doo Wan Kim"
"http://data.carnegiehall.org/names/1005571","Joseph Haas"
"http://data.carnegiehall.org/names/1005572","Richard Decker"
"http://data.carnegiehall.org/names/1005573","Peter Lieuwen"
"http://data.carnegiehall.org/names/1005560","Francis J. Nesta"
"http://data.carnegiehall.org/names/1005561","Florabel Blackwell"
"http://data.carnegiehall.org/names/1005562","Hermann Goetz"
"http://data.carnegiehall.org/names/1005563","John P. Ordway"
"http://data.carnegiehall.org/names/1005564","George Heussenstamm"
"http://data.carnegiehall.org/names/1005565","Gerhard Schjelderup"
"http://data.carnegiehall.org/names/1005546","M. Greenwald"
"http://data.carnegiehall.org/names/1005547","Carlos Amable Ortiz"
"http://data.carnegiehall.org/names/1005550","Wintter Watts"
"http://data.carnegiehall.org/names/1005554","Zakhar Blyhakher"
"http://data.carnegiehall.org/names/1005559","Roy H. Milligan"
"http://data.carnegiehall.org/names/1005540","Ed Huckeby"
"http://data.carnegiehall.org/names/1005541","[first name unknown] Slunicko"
"http://data.carnegiehall.org/names/1005542","Donato Di Veroli"
"http://data.carnegiehall.org/names/1005543","Eugène Ketterer"
"http://data.carnegiehall.org/names/1005544","Menelaos Pallandios"
"http://data.carnegiehall.org/names/1005545","Frances McCollin"
"http://data.carnegiehall.org/names/1005529","Henry Sullivan"
"http://data.carnegiehall.org/names/1005531","Maurice C. Whitney"
"http://data.carnegiehall.org/names/1005532","Perotin"
"http://data.carnegiehall.org/names/1005536","F. Flaxington Harker"
"http://data.carnegiehall.org/names/1005537","Alexander Hynsky"
"http://data.carnegiehall.org/names/1005538","Hugo Jungst"
"http://data.carnegiehall.org/names/1005521","Laurent Couson"
"http://data.carnegiehall.org/names/1005523","Bert Kaempfert"
"http://data.carnegiehall.org/names/1005524","Eduardo Angulo"
"http://data.carnegiehall.org/names/1005526","Laurence Powell"
"http://data.carnegiehall.org/names/1005527","M. Mindlin"
"http://data.carnegiehall.org/names/1005528","Baldassare Donato"
"http://data.carnegiehall.org/names/1005513","Yong Ha Yoon"
"http://data.carnegiehall.org/names/1005515","Paul Gilson"
"http://data.carnegiehall.org/names/1005516","Juan Gutierrez de Padilla"
"http://data.carnegiehall.org/names/1005518","C.F.J. Girschner"
"http://data.carnegiehall.org/names/1005519","Koji Nakano"
"http://data.carnegiehall.org/names/1005520","Ellsworth C. Phelps"
"http://data.carnegiehall.org/names/1005506","Francisco Tárrega"
"http://data.carnegiehall.org/names/1005508","José Mariano Morales-Matos"
"http://data.carnegiehall.org/names/1005509","Josep Sancho Marraco"
"http://data.carnegiehall.org/names/1005510","Alvin Curran"
"http://data.carnegiehall.org/names/1005511","Ernst Haberbier"
"http://data.carnegiehall.org/names/1005495","Francis Fogarty"
"http://data.carnegiehall.org/names/1005496","Larry Yester"
"http://data.carnegiehall.org/names/1005497","José Marraco y Ferrer"
"http://data.carnegiehall.org/names/1005502","F. Bonnaud"
"http://data.carnegiehall.org/names/1005503","Michal Spisak"
"http://data.carnegiehall.org/names/1005488","Jose Islas"
"http://data.carnegiehall.org/names/1005489","Edgar Priest"
"http://data.carnegiehall.org/names/1005490","Akira Ifukube"
"http://data.carnegiehall.org/names/1005492","Peter Sculthorpe"
"http://data.carnegiehall.org/names/1005493","Giovanni Carlo Maria Clari"
"http://data.carnegiehall.org/names/1005494","Bo Linde"
"http://data.carnegiehall.org/names/1005478","Joel Welbah"
"http://data.carnegiehall.org/names/1005479","[first name unknown] Rucker"
"http://data.carnegiehall.org/names/1005480","Vassily Kalinnikov"
"http://data.carnegiehall.org/names/1005481","Niccolò Piccinni"
"http://data.carnegiehall.org/names/1005484","Curtis Mayfield"
"http://data.carnegiehall.org/names/1005487","Sang Tong"
"http://data.carnegiehall.org/names/1005469","Mischa Sarche Zupko"
"http://data.carnegiehall.org/names/1005470","[first name unknown] Saeger"
"http://data.carnegiehall.org/names/1005471","Brian Balmages"
"http://data.carnegiehall.org/names/1005474","Allan Macbeth"
"http://data.carnegiehall.org/names/1005476","Pierre Sancan"
"http://data.carnegiehall.org/names/1005477","[first name unknown] Scheppegral"
"http://data.carnegiehall.org/names/1005458","Sean O'Loughlin"
"http://data.carnegiehall.org/names/1005459","Armas Järnefelt"
"http://data.carnegiehall.org/names/1005462","Teizo Matsumura"
"http://data.carnegiehall.org/names/1005464","Gustav Nordqvist"
"http://data.carnegiehall.org/names/1005465","E.J. Fitzhugh"
"http://data.carnegiehall.org/names/1005467","Christine Lavin"
"http://data.carnegiehall.org/names/1005448","Carlos Gardel"
"http://data.carnegiehall.org/names/1005451","Pekka Kostiainen"
"http://data.carnegiehall.org/names/1005453","Giacomo Benvenuti"
"http://data.carnegiehall.org/names/1005454","[first name unknown] Infanta"
"http://data.carnegiehall.org/names/1005455","José Pradas Gallén"
"http://data.carnegiehall.org/names/1005457","Arthur Conley"
"http://data.carnegiehall.org/names/1005439","Frank Campo"
"http://data.carnegiehall.org/names/1005440","Raffaele Calace"
"http://data.carnegiehall.org/names/1005441","Der Unverzagte"
"http://data.carnegiehall.org/names/1005443","D. T. Tang"
"http://data.carnegiehall.org/names/1005445","Theodore Stearns"
"http://data.carnegiehall.org/names/1005447","J. Becker"
"http://data.carnegiehall.org/names/1005432","Jean-François-Victor Bellon"
"http://data.carnegiehall.org/names/1005433","[first name unknown] Isenmann"
"http://data.carnegiehall.org/names/1005434","Juliusz Zarebski"
"http://data.carnegiehall.org/names/1005435","Fritz Lorleberg"
"http://data.carnegiehall.org/names/1005437","James Cohn"
"http://data.carnegiehall.org/names/1005438","John McGill"
"http://data.carnegiehall.org/names/1005423","Ferdinand Siebert"
"http://data.carnegiehall.org/names/1005424","Andy Vores"
"http://data.carnegiehall.org/names/1005426","Cesare Galeotti"
"http://data.carnegiehall.org/names/1005427","Frank H. Grey"
"http://data.carnegiehall.org/names/1005429","Carl Attenhofer"
"http://data.carnegiehall.org/names/1005430","He Zhan Ho"
"http://data.carnegiehall.org/names/1005412","William P. Latham"
"http://data.carnegiehall.org/names/1005414","Olivier Messiaen"
"http://data.carnegiehall.org/names/1005415","Joaquín Turina"
"http://data.carnegiehall.org/names/1005416","Wenzel Thomas Matiegka"
"http://data.carnegiehall.org/names/1005419","[first name unknown] Eisenstein"
"http://data.carnegiehall.org/names/1005420","Yuin-Fong Wang"
"http://data.carnegiehall.org/names/1005405","[first name unknown] Vallejo"
"http://data.carnegiehall.org/names/1005406","C.W. Lemont"
"http://data.carnegiehall.org/names/1005407","Samuel Scheidt"
"http://data.carnegiehall.org/names/1005408","Joseph de Herrando"
"http://data.carnegiehall.org/names/1005409","Otto Taubmann"
"http://data.carnegiehall.org/names/1005411","Heinrich von Herzogenberg"
"http://data.carnegiehall.org/names/1005394","Beverly A. Patton"
"http://data.carnegiehall.org/names/1005395","Franz Xaver Chwatal"
"http://data.carnegiehall.org/names/1005399","Joseph Kromolicki"
"http://data.carnegiehall.org/names/1005400","Ann Southam"
"http://data.carnegiehall.org/names/1005401","J. Michael Diack"
"http://data.carnegiehall.org/names/1005404","Samuel Maykapar"
"http://data.carnegiehall.org/names/1005384","Donald Heins"
"http://data.carnegiehall.org/names/1005387","Gustave A. Kerker"
"http://data.carnegiehall.org/names/1005388","Georgi Arnaoudov"
"http://data.carnegiehall.org/names/1005389","Eastwood Lane"
"http://data.carnegiehall.org/names/1005392","Winifred Bury"
"http://data.carnegiehall.org/names/1005393","Eugenio Bennato"
"http://data.carnegiehall.org/names/1005378","Bruce Stark"
"http://data.carnegiehall.org/names/1005379","Daniel Gottlob Türk"
"http://data.carnegiehall.org/names/1005380","Artur Lemba"
"http://data.carnegiehall.org/names/1005381","Ernesto Cordero"
"http://data.carnegiehall.org/names/1005382","[first name unknown] Webber"
"http://data.carnegiehall.org/names/1005383","Norman Peterkin"
"http://data.carnegiehall.org/names/1005367","Jean Baptiste Mohr"
"http://data.carnegiehall.org/names/1005368","Donald Harris"
"http://data.carnegiehall.org/names/1005371","Gerrard Williams"
"http://data.carnegiehall.org/names/1005373","Julian Work"
"http://data.carnegiehall.org/names/1005375","Johann Baptist Georg Neruda"
"http://data.carnegiehall.org/names/1005376","Carlton Lind"
"http://data.carnegiehall.org/names/1005359","[first name unknown] Privaloff"
"http://data.carnegiehall.org/names/1005360","Karol Rathaus"
"http://data.carnegiehall.org/names/1005362","Philippe de Monte"
"http://data.carnegiehall.org/names/1005363","Hilario Extremania"
"http://data.carnegiehall.org/names/1005364","Mao Yuan"
"http://data.carnegiehall.org/names/1005365","Alfonso X, King of Castile and Leon"
"http://data.carnegiehall.org/names/1005352","Carl Emil Theodor Ehreberg"
"http://data.carnegiehall.org/names/1005354","Johannes Crüger"
"http://data.carnegiehall.org/names/1005355","Q. Vaca"
"http://data.carnegiehall.org/names/1005356","Bernard Stevens"
"http://data.carnegiehall.org/names/1005357","Richard A. Whiting"
"http://data.carnegiehall.org/names/1005358","Rudi Stevenson"
"http://data.carnegiehall.org/names/1005343","Easthope Martin"
"http://data.carnegiehall.org/names/1005345","Josef Strauss"
"http://data.carnegiehall.org/names/1005348","François-Hippolyte Barthélemon"
"http://data.carnegiehall.org/names/1005349","Donald Lybbert"
"http://data.carnegiehall.org/names/1005350","Charles Argersinger"
"http://data.carnegiehall.org/names/1005351","Daniel Brink Towner"
"http://data.carnegiehall.org/names/1003049","William Boyce"
"http://data.carnegiehall.org/names/1003050","Young Sup Choi"
"http://data.carnegiehall.org/names/1003051","Louis Moreau Gottschalk"
"http://data.carnegiehall.org/names/1003052","Irwin Heilner"
"http://data.carnegiehall.org/names/1003054","Tamar Diesendruck"
"http://data.carnegiehall.org/names/1005342","Max Schwab"
"http://data.carnegiehall.org/names/1003040","Alice Borton"
"http://data.carnegiehall.org/names/1003041","Cosimo Bottegari"
"http://data.carnegiehall.org/names/1003044","Marie Prentner"
"http://data.carnegiehall.org/names/1003045","M. Gilmour"
"http://data.carnegiehall.org/names/1003046","Susan Dyer"
"http://data.carnegiehall.org/names/1003048","Nassara"
"http://data.carnegiehall.org/names/1003034","Ernani Braga"
"http://data.carnegiehall.org/names/1003035","Ihor Sonevytsky"
"http://data.carnegiehall.org/names/1003036","Elliot Del Borgo"
"http://data.carnegiehall.org/names/1003037","Bedrich Smetana"
"http://data.carnegiehall.org/names/1003038","Hector Berlioz"
"http://data.carnegiehall.org/names/1003039","Franz Lehár"
"http://data.carnegiehall.org/names/1003026","[first name unknown] Concina"
"http://data.carnegiehall.org/names/1003027","Pascual Marquina Narro"
"http://data.carnegiehall.org/names/1003028","[first name unknown] Sandor"
"http://data.carnegiehall.org/names/1003029","Phyllis Tate"
"http://data.carnegiehall.org/names/1003030","Dumitru Georgescu Kiriac"
"http://data.carnegiehall.org/names/1003031","Herman Bemberg"
"http://data.carnegiehall.org/names/1003015","Antonio Secchi"
"http://data.carnegiehall.org/names/1003016","Friedrich Nietzsche"
"http://data.carnegiehall.org/names/1003017","Idabelle Firestone"
"http://data.carnegiehall.org/names/1003018","Jean-Jacques Rousseau"
"http://data.carnegiehall.org/names/1003020","Anthony Collins"
"http://data.carnegiehall.org/names/1003021","[first name unknown] Engel"
"http://data.carnegiehall.org/names/1003004","E. Clement Bethel"
"http://data.carnegiehall.org/names/1003005","Hans Bastyr"
"http://data.carnegiehall.org/names/1003006","Antoine Tisné"
"http://data.carnegiehall.org/names/1003011","Vasil Kazandzhiev"
"http://data.carnegiehall.org/names/1003012","Ignaz Moscheles"
"http://data.carnegiehall.org/names/1003014","[first name unknown] Mueller"
"http://data.carnegiehall.org/names/1002998","Robert Planquette"
"http://data.carnegiehall.org/names/1002999","Howard Levy"
"http://data.carnegiehall.org/names/1003000","Robert Hasegawa"
"http://data.carnegiehall.org/names/1003001","Donald Patriquin"
"http://data.carnegiehall.org/names/1003002","Ole Buck"
"http://data.carnegiehall.org/names/1003003","Gene Pritsker"
"http://data.carnegiehall.org/names/1002987","Jan Novák"
"http://data.carnegiehall.org/names/1002989","A. Areusre"
"http://data.carnegiehall.org/names/1002991","Ruth Lomon"
"http://data.carnegiehall.org/names/1002994","Giulia Recli"
"http://data.carnegiehall.org/names/1002996","Bjarne Brustad"
"http://data.carnegiehall.org/names/1002997","Gunnar de Frumerie"
"http://data.carnegiehall.org/names/1002980","Giovanni Pacini"
"http://data.carnegiehall.org/names/1002982","Fuad and El-Roumi, Haleem Sulaiman"
"http://data.carnegiehall.org/names/1002983","Richard Price"
"http://data.carnegiehall.org/names/1002984","Alessandro Poglietti"
"http://data.carnegiehall.org/names/1002985","Carolyn Steinberg"
"http://data.carnegiehall.org/names/1002986","Betty Paret"
"http://data.carnegiehall.org/names/1002968","Nicholas Lanier"
"http://data.carnegiehall.org/names/1002972","Melanie Schoenberg"
"http://data.carnegiehall.org/names/1002973","[first name unknown] Shaffer"
"http://data.carnegiehall.org/names/1002974","Randall Thompson"
"http://data.carnegiehall.org/names/1002976","Alexander Il'yinsky"
"http://data.carnegiehall.org/names/1002977","Benjamin Lees"
"http://data.carnegiehall.org/names/1002962","Charles Fulcher"
"http://data.carnegiehall.org/names/1002963","James Sclater"
"http://data.carnegiehall.org/names/1002964","Frank L. Moir"
"http://data.carnegiehall.org/names/1002965","Heinz Kratochwil"
"http://data.carnegiehall.org/names/1002966","Jesse Hutchinson"
"http://data.carnegiehall.org/names/1002967","[first name unknown] St. John"
"http://data.carnegiehall.org/names/1002954","Doc Dougherty"
"http://data.carnegiehall.org/names/1002955","Paul Henrion"
"http://data.carnegiehall.org/names/1002958","Jean Drejac"
"http://data.carnegiehall.org/names/1002959","Alan Menken"
"http://data.carnegiehall.org/names/1002960","Jimmy Dorsey"
"http://data.carnegiehall.org/names/1002961","L. Heinrich"
"http://data.carnegiehall.org/names/1002948","Leonard Rosenman"
"http://data.carnegiehall.org/names/1002949","John Davison"
"http://data.carnegiehall.org/names/1002950","Virgilio Mortari"
"http://data.carnegiehall.org/names/1002951","S. Danenberg"
"http://data.carnegiehall.org/names/1002952","Mario Ferradini"
"http://data.carnegiehall.org/names/1002953","Mario Peragallo"
"http://data.carnegiehall.org/names/1002939","Toni Lester"
"http://data.carnegiehall.org/names/1002940","Paul Rubens"
"http://data.carnegiehall.org/names/1002942","[first name unknown] Rogers"
"http://data.carnegiehall.org/names/1002945","Leo Samama"
"http://data.carnegiehall.org/names/1002946","Viatcheslav Grokhovski"
"http://data.carnegiehall.org/names/1002947","Louis Jullien"
"http://data.carnegiehall.org/names/1002932","Ricardo Lorenz"
"http://data.carnegiehall.org/names/1002933","Chang-Gwon Choi"
"http://data.carnegiehall.org/names/1002934","Liping Wang"
"http://data.carnegiehall.org/names/1002935","William L. Cahn"
"http://data.carnegiehall.org/names/1002937","Daniel van Goens"
"http://data.carnegiehall.org/names/1002938","[first name unknown] Volpe"
"http://data.carnegiehall.org/names/1002925","[first name unknown] Deville"
"http://data.carnegiehall.org/names/1002926","Wilhelm Jeral"
"http://data.carnegiehall.org/names/1002927","Paul Vidal"
"http://data.carnegiehall.org/names/1002928","Francis Hopkinson"
"http://data.carnegiehall.org/names/1002929","Agathe Backer-Grøndahl"
"http://data.carnegiehall.org/names/1002930","Edgar Hovhannisyan"
"http://data.carnegiehall.org/names/1002918","Osvaldo Lacerda"
"http://data.carnegiehall.org/names/1002919","Josef Dessauer"
"http://data.carnegiehall.org/names/1002920","[first name unknown] Wilson"
"http://data.carnegiehall.org/names/1002922","Paul Cooper"
"http://data.carnegiehall.org/names/1002923","York Hoeller"
"http://data.carnegiehall.org/names/1002924","Charles Fonteyn Manney"
"http://data.carnegiehall.org/names/1002912","Marc Carls"
"http://data.carnegiehall.org/names/1002913","Avet Terterian"
"http://data.carnegiehall.org/names/1002914","[first name unknown] Josslynne"
"http://data.carnegiehall.org/names/1002915","James G. MacDermid"
"http://data.carnegiehall.org/names/1002916","Claude Gervaise"
"http://data.carnegiehall.org/names/1002917","Leslie Bricusse"
"http://data.carnegiehall.org/names/1002904","Georges Jean Pfeiffer"
"http://data.carnegiehall.org/names/1002905","B. Pokorny"
"http://data.carnegiehall.org/names/1002906","Max Thiede"
"http://data.carnegiehall.org/names/1002908","Harry H. Zickel"
"http://data.carnegiehall.org/names/1002909","Newbury"
"http://data.carnegiehall.org/names/1002910","Tone Kwas"
"http://data.carnegiehall.org/names/1002894","Stanyslav Lyudkevych"
"http://data.carnegiehall.org/names/1002895","Fabio Campana"
"http://data.carnegiehall.org/names/1002897","Franz Leu"
"http://data.carnegiehall.org/names/1002900","Georges Bizet"
"http://data.carnegiehall.org/names/1002901","William Schottstaedt"
"http://data.carnegiehall.org/names/1002903","Thomas Koschat"
"http://data.carnegiehall.org/names/1002883","Luis A. Valencia"
"http://data.carnegiehall.org/names/1002884","Bob Wills"
"http://data.carnegiehall.org/names/1002887","Angelo Canepa"
"http://data.carnegiehall.org/names/1002890","John W. (John Wesley) Work"
"http://data.carnegiehall.org/names/1002891","William Finn"
"http://data.carnegiehall.org/names/1002876","Loris Chobanian"
"http://data.carnegiehall.org/names/1002877","Peter Mennin"
"http://data.carnegiehall.org/names/1002878","Sam Pottle"
"http://data.carnegiehall.org/names/1002879","Thomas Bateson"
"http://data.carnegiehall.org/names/1002880","Frithjof Spalder"
"http://data.carnegiehall.org/names/1002882","Sebastiano Festa"
"http://data.carnegiehall.org/names/1002869","[first name unknown] Curcio"
"http://data.carnegiehall.org/names/1002870","Alessandro Scarlatti"
"http://data.carnegiehall.org/names/1002871","Antonio Barsotti"
"http://data.carnegiehall.org/names/1002872","Jose Castel"
"http://data.carnegiehall.org/names/1002874","M. Thomas Cousins"
"http://data.carnegiehall.org/names/1002875","Edmund Cionek"
"http://data.carnegiehall.org/names/1002861","Charles-Valentin Alkan"
"http://data.carnegiehall.org/names/1002862","Karl Goldmark"
"http://data.carnegiehall.org/names/1002865","Bernard Hamblen"
"http://data.carnegiehall.org/names/1002866","[first name unknown] Pierce"
"http://data.carnegiehall.org/names/1002867","Jimmy Campbell"
"http://data.carnegiehall.org/names/1002868","Screamin' Jay Hawkins"
"http://data.carnegiehall.org/names/1002848","Luigi Canoro"
"http://data.carnegiehall.org/names/1002850","Eduardo Lopez-Chavarri Marco"
"http://data.carnegiehall.org/names/1002852","Antoine de Févin"
"http://data.carnegiehall.org/names/1002854","Alfred Bachelet"
"http://data.carnegiehall.org/names/1002857","Joseph Jennings"
"http://data.carnegiehall.org/names/1002859","Rodolfo Falvo"
"http://data.carnegiehall.org/names/1002838","S. R. Henry"
"http://data.carnegiehall.org/names/1002839","Hermann Löhr"
"http://data.carnegiehall.org/names/1002841","Léon Algazi"
"http://data.carnegiehall.org/names/1002842","Oskar Lindberg"
"http://data.carnegiehall.org/names/1002844","Edmund Schuëcker"
"http://data.carnegiehall.org/names/1002845","Carl Lentz"
"http://data.carnegiehall.org/names/1002830","Alonso Mudarra"
"http://data.carnegiehall.org/names/1002831","Carolyn Miller"
"http://data.carnegiehall.org/names/1002832","Luigi Cherubini"
"http://data.carnegiehall.org/names/1002833","Antonio Vivaldi"
"http://data.carnegiehall.org/names/1002836","B. Sheremetev"
"http://data.carnegiehall.org/names/1002837","Boris Arapov"
"http://data.carnegiehall.org/names/1002822","Lao Silesu"
"http://data.carnegiehall.org/names/1002824","Ferdinand Rauter"
"http://data.carnegiehall.org/names/1002825","James L. Hosay"
"http://data.carnegiehall.org/names/1002826","Anthonello de Caserta"
"http://data.carnegiehall.org/names/1002828","William Presser"
"http://data.carnegiehall.org/names/1002829","Barbara Sletto"
"http://data.carnegiehall.org/names/1002812","Kuwano"
"http://data.carnegiehall.org/names/1002813","George Balch Wilson"
"http://data.carnegiehall.org/names/1002814","George Mangold"
"http://data.carnegiehall.org/names/1002815","Zdenek Fibich"
"http://data.carnegiehall.org/names/1002816","Theodore Lack"
"http://data.carnegiehall.org/names/1002818","Friedrich Cerha"
"http://data.carnegiehall.org/names/1002802","Michael Cherry"
"http://data.carnegiehall.org/names/1002803","[first name unknown] Gleisch"
"http://data.carnegiehall.org/names/1002804","Giovanni Antonio Piani"
"http://data.carnegiehall.org/names/1002807","Adolf Henselt"
"http://data.carnegiehall.org/names/1002808","John Mokrejs"
"http://data.carnegiehall.org/names/1002789","Muzio Clementi"
"http://data.carnegiehall.org/names/1002790","Igor Rogalev"
"http://data.carnegiehall.org/names/1002791","Jeremiah Dencke"
"http://data.carnegiehall.org/names/1002795","Giorgi Saradjian"
"http://data.carnegiehall.org/names/1002796","[first name unknown] Seira"
"http://data.carnegiehall.org/names/1002799","R. J. Burt"
"http://data.carnegiehall.org/names/1002781","Vano Il'ich Muradeli"
"http://data.carnegiehall.org/names/1002782","[first name unknown] Pizzon"
"http://data.carnegiehall.org/names/1002784","[first name unknown] Friedmann"
"http://data.carnegiehall.org/names/1002785","John Verrall"
"http://data.carnegiehall.org/names/1002787","Franz Strauss"
"http://data.carnegiehall.org/names/1002788","Guy Lafarge"
"http://data.carnegiehall.org/names/1002772","Robert de Bruce"
"http://data.carnegiehall.org/names/1002774","Max Surla"
"http://data.carnegiehall.org/names/1002776","Benjamín Aguilera"
"http://data.carnegiehall.org/names/1002778","Giulio Briccialdi"
"http://data.carnegiehall.org/names/1002779","W. Handwerg"
"http://data.carnegiehall.org/names/1002780","Arthur Kreiger"
"http://data.carnegiehall.org/names/1002764","William Gillock"
"http://data.carnegiehall.org/names/1002766","Gladys Shelley"
"http://data.carnegiehall.org/names/1002767","Gerard Schurmann"
"http://data.carnegiehall.org/names/1002768","Theodor Berger"
"http://data.carnegiehall.org/names/1002770","Joaquim Antônio Barroso Neto"
"http://data.carnegiehall.org/names/1002771","August Klughardt"
"http://data.carnegiehall.org/names/1002757","Brian Smith"
"http://data.carnegiehall.org/names/1002758","Vytautas Barkauskas"
"http://data.carnegiehall.org/names/1002760","Gustave Charpentier"
"http://data.carnegiehall.org/names/1002761","Pedro Palau"
"http://data.carnegiehall.org/names/1002762","Adolf Jensen"
"http://data.carnegiehall.org/names/1002763","Dmitry Shostakovich"
"http://data.carnegiehall.org/names/1002749","Hugh Wood"
"http://data.carnegiehall.org/names/1002751","[first name unknown] Lines"
"http://data.carnegiehall.org/names/1002752","[first name unknown] De Lille"
"http://data.carnegiehall.org/names/1002754","Walter Dingham"
"http://data.carnegiehall.org/names/1002755","Johann Georg Clement"
"http://data.carnegiehall.org/names/1002756","Anton Kopitovic"
"http://data.carnegiehall.org/names/1002741","Thomas S. James"
"http://data.carnegiehall.org/names/1002742","Stephen Storace"
"http://data.carnegiehall.org/names/1002744","Maceo Pinkard"
"http://data.carnegiehall.org/names/1002745","Mark Carlson"
"http://data.carnegiehall.org/names/1002746","Richard Kassel"
"http://data.carnegiehall.org/names/1002747","Lionel Monckton"
"http://data.carnegiehall.org/names/1002733","Henry R. Bishop"
"http://data.carnegiehall.org/names/1002735","Nancy Bloomer Deussen"
"http://data.carnegiehall.org/names/1002737","Sandy Feldstein"
"http://data.carnegiehall.org/names/1002738","M. Hranovska"
"http://data.carnegiehall.org/names/1002739","Paul Mefano"
"http://data.carnegiehall.org/names/1002740","Henry Clay Work"
"http://data.carnegiehall.org/names/1002726","Randall E. Faust"
"http://data.carnegiehall.org/names/1002727","Marc Lavry"
"http://data.carnegiehall.org/names/1002728","Jon Mohr"
"http://data.carnegiehall.org/names/1002730","Tomas de Torrejon y Velasco"
"http://data.carnegiehall.org/names/1002731","Jose Francisco do Nascimento"
"http://data.carnegiehall.org/names/1002732","Florence Buckingham Joyce"
"http://data.carnegiehall.org/names/1002717","Leslie Mann"
"http://data.carnegiehall.org/names/1002718","Marquis Egerton"
"http://data.carnegiehall.org/names/1002720","Peteris Plakidis"
"http://data.carnegiehall.org/names/1002721","Jakob Regnart"
"http://data.carnegiehall.org/names/1002722","Jay Althouse"
"http://data.carnegiehall.org/names/1002723","Joseph Strimer"
"http://data.carnegiehall.org/names/1002710","Vernon F. Leidig"
"http://data.carnegiehall.org/names/1002711","Victor Bendix"
"http://data.carnegiehall.org/names/1002712","Heinz Provost"
"http://data.carnegiehall.org/names/1002714","Brian Tate"
"http://data.carnegiehall.org/names/1002715","Samuel Adler"
"http://data.carnegiehall.org/names/1002716","Reginald De Koven"
"http://data.carnegiehall.org/names/1002701","Hans Huber"
"http://data.carnegiehall.org/names/1002703","Yinghai Li"
"http://data.carnegiehall.org/names/1002704","Giuseppe Tartini"
"http://data.carnegiehall.org/names/1002706","Georges Dandelot"
"http://data.carnegiehall.org/names/1002707","Ray Green"
"http://data.carnegiehall.org/names/1002708","Harald Genzmer"
"http://data.carnegiehall.org/names/1002693","Ferdinand Weiss"
"http://data.carnegiehall.org/names/1002694","L. Rewucky"
"http://data.carnegiehall.org/names/1002695","Jose Norman"
"http://data.carnegiehall.org/names/1002696","Serafino De Ferrari"
"http://data.carnegiehall.org/names/1002698","Mikhail Gnesin"
"http://data.carnegiehall.org/names/1002699","C. and J. Banks"
"http://data.carnegiehall.org/names/1002686","Hitomi Kaneko"
"http://data.carnegiehall.org/names/1002687","Harold Darke"
"http://data.carnegiehall.org/names/1002688","Hilario Gonzales"
"http://data.carnegiehall.org/names/1002689","Marin Goleminov"
"http://data.carnegiehall.org/names/1002690","Robert W. Pound"
"http://data.carnegiehall.org/names/1002691","Stephen Mayer"
"http://data.carnegiehall.org/names/1002680","Stanislas Verroust"
"http://data.carnegiehall.org/names/1002681","Jose R. Sanchez"
"http://data.carnegiehall.org/names/1002682","Reginald Sweet"
"http://data.carnegiehall.org/names/1002683","Anthony W. Shenton"
"http://data.carnegiehall.org/names/1002684","Siegfried Translateur"
"http://data.carnegiehall.org/names/1002685","Fromental Halevy"
"http://data.carnegiehall.org/names/1002672","Lucien de Flagny"
"http://data.carnegiehall.org/names/1002673","Volkmar Andreae"
"http://data.carnegiehall.org/names/1002674","Cornelius Gurlitt"
"http://data.carnegiehall.org/names/1002675","Björn Ulvaeus"
"http://data.carnegiehall.org/names/1002676","John Goss"
"http://data.carnegiehall.org/names/1002679","Johannes Gelbke"
"http://data.carnegiehall.org/names/1002664","Paul Dukas"
"http://data.carnegiehall.org/names/1002665","Bob Thiele"
"http://data.carnegiehall.org/names/1002666","Julie Dolphin"
"http://data.carnegiehall.org/names/1002667","Aleksandr Dolukhanyan"
"http://data.carnegiehall.org/names/1002668","Domenico Scarlatti"
"http://data.carnegiehall.org/names/1002669","Bartlomiej Pekiel"
"http://data.carnegiehall.org/names/1002654","Julian Prieto"
"http://data.carnegiehall.org/names/1002655","Lisbeth Alexander-Katz"
"http://data.carnegiehall.org/names/1002656","Ulysses S. Elam"
"http://data.carnegiehall.org/names/1002657","Yuri Bortz"
"http://data.carnegiehall.org/names/1002661","Joseph Bologne, Chevalier de Saint-Georges"
"http://data.carnegiehall.org/names/1002663","Bart Howard"
"http://data.carnegiehall.org/names/1002645","[first name unknown] Loubet"
"http://data.carnegiehall.org/names/1002646","Miriam Gideon"
"http://data.carnegiehall.org/names/1002649","Michael Nyman"
"http://data.carnegiehall.org/names/1002651","Donald Bruce Aird"
"http://data.carnegiehall.org/names/1002652","Daria Semegen"
"http://data.carnegiehall.org/names/1002653","Nicholas C. K. Thorne"
"http://data.carnegiehall.org/names/1002639","Maryanne Amacher"
"http://data.carnegiehall.org/names/1002640","John Prindle Scott"
"http://data.carnegiehall.org/names/1002642","César Cortinas"
"http://data.carnegiehall.org/names/1002643","[first name unknown] Finkercher"
"http://data.carnegiehall.org/names/1002644","Herbert Hall Woodward"
"http://data.carnegiehall.org/names/1002631","Robert Hall Lewis"
"http://data.carnegiehall.org/names/1002633","Douglas E. Wagner"
"http://data.carnegiehall.org/names/1002634","Joseph Baber"
"http://data.carnegiehall.org/names/1002635","Luigi Cortese"
"http://data.carnegiehall.org/names/1002636","H. A. Liu"
"http://data.carnegiehall.org/names/1002638","[first name unknown] Oppelia"
"http://data.carnegiehall.org/names/1002622","Tomás Bretón"
"http://data.carnegiehall.org/names/1002623","Edward Burlingame Hill"
"http://data.carnegiehall.org/names/1002624","Franco Donatoni"
"http://data.carnegiehall.org/names/1002626","Steve Marzullo"
"http://data.carnegiehall.org/names/1002627","[first name unknown] Macauley"
"http://data.carnegiehall.org/names/1002628","Henri Loge"
"http://data.carnegiehall.org/names/1002616","Robert Martin"
"http://data.carnegiehall.org/names/1002618","David Watkins"
"http://data.carnegiehall.org/names/1002619","Ida Gotkovsky"
"http://data.carnegiehall.org/names/1002620","Heinrich Ludwig Egmont Dorn"
"http://data.carnegiehall.org/names/1002621","Arnold Walter"
"http://data.carnegiehall.org/names/1002608","David Wikander"
"http://data.carnegiehall.org/names/1002609","Gideon Waldrop"
"http://data.carnegiehall.org/names/1002610","[first name unknown] Priestling"
"http://data.carnegiehall.org/names/1002611","Victorin de Joncières"
"http://data.carnegiehall.org/names/1002612","Wallace A. Sabin"
"http://data.carnegiehall.org/names/1002613","[first name unknown] Hamlin"
"http://data.carnegiehall.org/names/1002599","Charles Le Thiere"
"http://data.carnegiehall.org/names/1002600","William James Ross"
"http://data.carnegiehall.org/names/1002601","Thomas Simpson"
"http://data.carnegiehall.org/names/1002602","Bruce Reiprich"
"http://data.carnegiehall.org/names/1002604","Alexander Goedicke"
"http://data.carnegiehall.org/names/1002607","Paul Dessau"
"http://data.carnegiehall.org/names/1002590","Adolphe Wouters"
"http://data.carnegiehall.org/names/1002592","Domenico Bianchini"
"http://data.carnegiehall.org/names/1002593","Arthur Bruhns"
"http://data.carnegiehall.org/names/1002595","W. A. Case"
"http://data.carnegiehall.org/names/1002596","Georg Goltermann"
"http://data.carnegiehall.org/names/1002597","Don Wyrtzen"
"http://data.carnegiehall.org/names/1002584","[first name unknown] Shainin"
"http://data.carnegiehall.org/names/1002585","Chui-Ling Chen"
"http://data.carnegiehall.org/names/1002586","Miljenko Prohaska"
"http://data.carnegiehall.org/names/1002587","[first name unknown] Corbin"
"http://data.carnegiehall.org/names/1002588","Alessandro Melani"
"http://data.carnegiehall.org/names/1002589","Heinrich Kaspar Schmid"
"http://data.carnegiehall.org/names/1002575","Eleanor Daley"
"http://data.carnegiehall.org/names/1002577","Celso Machado"
"http://data.carnegiehall.org/names/1002578","Ted Mossman"
"http://data.carnegiehall.org/names/1002580","F. Morens"
"http://data.carnegiehall.org/names/1002582","Karl Anton Florian Eckert"
"http://data.carnegiehall.org/names/1002583","Claude Melnotte"
"http://data.carnegiehall.org/names/1002569","Susan Palmer"
"http://data.carnegiehall.org/names/1002570","Domingo Santa Cruz"
"http://data.carnegiehall.org/names/1002571","Benjamin Franklin"
"http://data.carnegiehall.org/names/1002572","[first name unknown] Pryor"
"http://data.carnegiehall.org/names/1002573","Herbert Brewer"
"http://data.carnegiehall.org/names/1002574","Asger Hamerik"
"http://data.carnegiehall.org/names/1002559","Takehiko Gokita"
"http://data.carnegiehall.org/names/1002561","T. J. Anderson"
"http://data.carnegiehall.org/names/1002564","Garth Brooks"
"http://data.carnegiehall.org/names/1002565","[first name unknown] Stuber"
"http://data.carnegiehall.org/names/1002566","Leslie Adams"
"http://data.carnegiehall.org/names/1002568","Ivor R. Davies"
"http://data.carnegiehall.org/names/1002550","Sandy Ikeda"
"http://data.carnegiehall.org/names/1002551","Thomas Tomkins"
"http://data.carnegiehall.org/names/1002552","Jacob Axel Josephson"
"http://data.carnegiehall.org/names/1002554","Heinrich Schütz"
"http://data.carnegiehall.org/names/1002557","Ahmet Adnan Saygun"
"http://data.carnegiehall.org/names/1002558","Alicia Terzian"
"http://data.carnegiehall.org/names/1002543","Dirk D'Ase"
"http://data.carnegiehall.org/names/1002544","Gerald Shapiro"
"http://data.carnegiehall.org/names/1002545","Clement Janequin"
"http://data.carnegiehall.org/names/1002546","Hans Christoph Haiden"
"http://data.carnegiehall.org/names/1002548","Marmaduke Eide"
"http://data.carnegiehall.org/names/1002549","J. Vick O'Brien"
"http://data.carnegiehall.org/names/1002536","Gerardo Iasilli"
"http://data.carnegiehall.org/names/1002540","Carlton Gamer"
"http://data.carnegiehall.org/names/1002541","Jeffrey Kresky"
"http://data.carnegiehall.org/names/1002542","Sebastian Passione"
"http://data.carnegiehall.org/names/1002529","Yoko Kurimoto"
"http://data.carnegiehall.org/names/1002530","Veljo Tormis"
"http://data.carnegiehall.org/names/1002531","Madrigal d'Arcadelt"
"http://data.carnegiehall.org/names/1002532","Walter E. Kelley"
"http://data.carnegiehall.org/names/1002533","Boris Mersson"
"http://data.carnegiehall.org/names/1002534","Lilia A. Mackay-Cantell"
"http://data.carnegiehall.org/names/1002520","Karl Kohn"
"http://data.carnegiehall.org/names/1002521","Charles Cuvillier"
"http://data.carnegiehall.org/names/1002523","Mary Willing Megley"
"http://data.carnegiehall.org/names/1002524","Francisco Guerrero"
"http://data.carnegiehall.org/names/1002525","Jon George"
"http://data.carnegiehall.org/names/1002527","Nick LaRocca"
"http://data.carnegiehall.org/names/1002514","Mabel Wood Hill"
"http://data.carnegiehall.org/names/1002515","A. Massager"
"http://data.carnegiehall.org/names/1002516","Tylman Susato"
"http://data.carnegiehall.org/names/1002517","Ruth Wright Vanderlip"
"http://data.carnegiehall.org/names/1002518","Seung Jae Chung"
"http://data.carnegiehall.org/names/1002519","Dennard Brazael"
"http://data.carnegiehall.org/names/1002507","Francisco Cavez"
"http://data.carnegiehall.org/names/1002508","Yuzo Toyama"
"http://data.carnegiehall.org/names/1002510","Todd Brief"
"http://data.carnegiehall.org/names/1002511","Edward Barnes"
"http://data.carnegiehall.org/names/1002512","Werner Haentjes"
"http://data.carnegiehall.org/names/1002513","Joseph Holbrooke"
"http://data.carnegiehall.org/names/1002501","David Richey"
"http://data.carnegiehall.org/names/1002502","Barbara Kolb"
"http://data.carnegiehall.org/names/1002503","Pauline Viardot"
"http://data.carnegiehall.org/names/1002504","Richard Hoffman"
"http://data.carnegiehall.org/names/1002505","Nicholas Brodszky"
"http://data.carnegiehall.org/names/1002506","Henryk Wieniawski"
"http://data.carnegiehall.org/names/1002492","Lee Greenwood"
"http://data.carnegiehall.org/names/1002494","Peter C. Kelly"
"http://data.carnegiehall.org/names/1002495","Faustin Jeanjean"
"http://data.carnegiehall.org/names/1002496","Herbert E. Hyde"
"http://data.carnegiehall.org/names/1002497","Harry Freedman"
"http://data.carnegiehall.org/names/1002499","[first name unknown] Alfred"
"http://data.carnegiehall.org/names/1002483","Mordecai Seter"
"http://data.carnegiehall.org/names/1002484","Manuel B. Gonzalez"
"http://data.carnegiehall.org/names/1002486","Scott A. Wyatt"
"http://data.carnegiehall.org/names/1002487","Eutimio Casamor"
"http://data.carnegiehall.org/names/1002490","Carl Y. Yoshida"
"http://data.carnegiehall.org/names/1002491","[first name unknown] Easterday"
"http://data.carnegiehall.org/names/1002472","Leanne Rees"
"http://data.carnegiehall.org/names/1002474","Florence Wickham"
"http://data.carnegiehall.org/names/1002475","Franz Josef Schütky"
"http://data.carnegiehall.org/names/1002478","Richard Farrant"
"http://data.carnegiehall.org/names/1002479","[first name unknown] Ocon"
"http://data.carnegiehall.org/names/1002481","F. W. Meacham"
"http://data.carnegiehall.org/names/1002461","Justus Matthews"
"http://data.carnegiehall.org/names/1002464","Luigi Luzzi"
"http://data.carnegiehall.org/names/1002465","Jacques Bondon"
"http://data.carnegiehall.org/names/1002466","de Addiego Guerra"
"http://data.carnegiehall.org/names/1002469","Sun Yi Qian"
"http://data.carnegiehall.org/names/1002471","Dumisani Maraire"
"http://data.carnegiehall.org/names/1002452","Alice Close"
"http://data.carnegiehall.org/names/1002453","Jan Karol Gall"
"http://data.carnegiehall.org/names/1002455","Mark Robson"
"http://data.carnegiehall.org/names/1002456","Isaac Hayes"
"http://data.carnegiehall.org/names/1002458","Jason Royal"
"http://data.carnegiehall.org/names/1002460","Stephen Funk Pearson"
"http://data.carnegiehall.org/names/1002445","Greg Nelson"
"http://data.carnegiehall.org/names/1002446","Natko Devcic"
"http://data.carnegiehall.org/names/1002447","Giovanni D'Anzi"
"http://data.carnegiehall.org/names/1002448","Otto Luening"
"http://data.carnegiehall.org/names/1002449","Lowell Mason"
"http://data.carnegiehall.org/names/1002450","Eun-Kyung Kim"
"http://data.carnegiehall.org/names/1002437","[first name unknown] Farage"
"http://data.carnegiehall.org/names/1002438","Georges Bachmann"
"http://data.carnegiehall.org/names/1002440","George Couroupos"
"http://data.carnegiehall.org/names/1002441","Peter Ludwig Hertel"
"http://data.carnegiehall.org/names/1002442","Nicholas Skedgell"
"http://data.carnegiehall.org/names/1002444","Maurice Gardner"
"http://data.carnegiehall.org/names/1002428","William M. Runyan"
"http://data.carnegiehall.org/names/1002429","[first name unknown] White"
"http://data.carnegiehall.org/names/1002431","Pelham Humfrey"
"http://data.carnegiehall.org/names/1002432","Carl Hahn"
"http://data.carnegiehall.org/names/1002433","T.B. Foerster"
"http://data.carnegiehall.org/names/1002435","Ingvar Lidholm"
"http://data.carnegiehall.org/names/1002419","Philip Rosseter"
"http://data.carnegiehall.org/names/1002421","Leo G. Kratz"
"http://data.carnegiehall.org/names/1002422","William H. Vodery"
"http://data.carnegiehall.org/names/1002424","Alexander Arutiunian"
"http://data.carnegiehall.org/names/1002425","Edoardo J. Di Biase"
"http://data.carnegiehall.org/names/1002427","Alec Rowley"
"http://data.carnegiehall.org/names/1002412","Matvey Isaakovich Blanter"
"http://data.carnegiehall.org/names/1002413","David Mann"
"http://data.carnegiehall.org/names/1002414","Howard Weiss"
"http://data.carnegiehall.org/names/1002415","Byron Olson"
"http://data.carnegiehall.org/names/1002416","Angelo Gilardino"
"http://data.carnegiehall.org/names/1002417","Gabriele Leone"
"http://data.carnegiehall.org/names/1002402","Léo Delibes"
"http://data.carnegiehall.org/names/1002403","Do Nam Jo"
"http://data.carnegiehall.org/names/1002407","Pierre Gabaye"
"http://data.carnegiehall.org/names/1002409","Jacques Pillois"
"http://data.carnegiehall.org/names/1002410","Shuji Kato"
"http://data.carnegiehall.org/names/1002394","Hee Gap Kim"
"http://data.carnegiehall.org/names/1002396","Joseph Cancellaro"
"http://data.carnegiehall.org/names/1002397","Johnnie Alston"
"http://data.carnegiehall.org/names/1002398","Edna Bentz Woods"
"http://data.carnegiehall.org/names/1002399","Paul Joseph Guillaume Hillemacher"
"http://data.carnegiehall.org/names/1002400","Rube Bloom"
"http://data.carnegiehall.org/names/1002387","Bryan Johanson"
"http://data.carnegiehall.org/names/1002388","Louis Vuillemin"
"http://data.carnegiehall.org/names/1002389","Charles Lloyd"
"http://data.carnegiehall.org/names/1002390","Andrés Sas"
"http://data.carnegiehall.org/names/1002392","[first name unknown] Howells"
"http://data.carnegiehall.org/names/1002393","Jorge Martín"
"http://data.carnegiehall.org/names/1002377","Eugene Broadman"
"http://data.carnegiehall.org/names/1002378","Dobri Paliev"
"http://data.carnegiehall.org/names/1002380","Alexander Campbell Mackenzie"
"http://data.carnegiehall.org/names/1002382","Anton Bruckner"
"http://data.carnegiehall.org/names/1002384","Bayani Mendoza De Leon"
"http://data.carnegiehall.org/names/1002386","David Botvinick"
"http://data.carnegiehall.org/names/1002367","Christer Danielsson"
"http://data.carnegiehall.org/names/1002368","Anne Deane"
"http://data.carnegiehall.org/names/1002371","Antonio Zamara"
"http://data.carnegiehall.org/names/1002372","Franz Curti"
"http://data.carnegiehall.org/names/1002373","Akira Miyoshi"
"http://data.carnegiehall.org/names/1002376","Rene Ruiz Nandayapa"
"http://data.carnegiehall.org/names/1002358","Tomaso Giovanni Albinoni"
"http://data.carnegiehall.org/names/1002360","Robert Washburn"
"http://data.carnegiehall.org/names/1002361","Vittorio Monti"
"http://data.carnegiehall.org/names/1002362","Theodor Michaelis"
"http://data.carnegiehall.org/names/1002363","Emil Petrovics"
"http://data.carnegiehall.org/names/1002364","Pablo Luna"
"http://data.carnegiehall.org/names/1002345","Henri-Joseph Rigel"
"http://data.carnegiehall.org/names/1002346","William Hirtz"
"http://data.carnegiehall.org/names/1002347","Micha Hamel"
"http://data.carnegiehall.org/names/1002354","John Ward"
"http://data.carnegiehall.org/names/1002335","Gottfried von Einem"
"http://data.carnegiehall.org/names/1002337","Vladimir Shainsky"
"http://data.carnegiehall.org/names/1002338","C. Stezenko"
"http://data.carnegiehall.org/names/1002339","John of London"
"http://data.carnegiehall.org/names/1002341","Pierre Février"
"http://data.carnegiehall.org/names/1002342","Nicolas Dezede"
"http://data.carnegiehall.org/names/1002328","Ramón Montes de Oca"
"http://data.carnegiehall.org/names/1002329","Benjamin Whelpley"
"http://data.carnegiehall.org/names/1002331","W. Loukine"
"http://data.carnegiehall.org/names/1002332","Jacques Hétu"
"http://data.carnegiehall.org/names/1002333","Ismael Cardona"
"http://data.carnegiehall.org/names/1002334","Pete Rugolo"
"http://data.carnegiehall.org/names/1002320","Christopher Tye"
"http://data.carnegiehall.org/names/1002321","Patricia W. Melissa"
"http://data.carnegiehall.org/names/1002323","Mabel Wheeler Daniels"
"http://data.carnegiehall.org/names/1002324","Eric Sawyer"
"http://data.carnegiehall.org/names/1002325","Krešimir Baranovic"
"http://data.carnegiehall.org/names/1002326","Ferdinand Gumbert"
"http://data.carnegiehall.org/names/1002313","Luis Arcaraz"
"http://data.carnegiehall.org/names/1002314","[first name unknown] Pelmear"
"http://data.carnegiehall.org/names/1002315","Frank Sanucci"
"http://data.carnegiehall.org/names/1002316","George Rochberg"
"http://data.carnegiehall.org/names/1002318","John Oswald"
"http://data.carnegiehall.org/names/1002319","Francesco Turini"
"http://data.carnegiehall.org/names/1002304","Johann Melchior Molter"
"http://data.carnegiehall.org/names/1002306","Michel Rateau"
"http://data.carnegiehall.org/names/1002307","Yury Shaporin"
"http://data.carnegiehall.org/names/1002310","J. Paul Williams"
"http://data.carnegiehall.org/names/1002311","Jay Chattaway"
"http://data.carnegiehall.org/names/1002312","[first name unknown] Valverde"
"http://data.carnegiehall.org/names/1002295","Toshio Funasaka"
"http://data.carnegiehall.org/names/1002296","Denny Lane"
"http://data.carnegiehall.org/names/1002297","Geirr Tveitt"
"http://data.carnegiehall.org/names/1002299","Federico Moreno Torroba"
"http://data.carnegiehall.org/names/1002300","Peter Mathews"
"http://data.carnegiehall.org/names/1002303","Balint Bakfark"